,City,Lat,Lng,Max Temp,Humidity,Cloudiness,Wind Speed,Country,Date
0,Jamestown,42.097,-79.2353,57.31,86,75,17.27,US,1663870445
1,Norman Wells,65.282,-126.8329,44.64,87,75,2.3,CA,1663870568
2,Vaini,-21.2,-175.2,75.56,87,91,17.11,TO,1663870590
3,Kapaa,22.0752,-159.319,75.34,91,75,5.75,US,1663870615
4,Dengzhou,37.8086,120.7508,64.62,45,39,24.09,CN,1663870794
5,Labuhan,-6.8844,112.2051,78.44,82,80,8.12,ID,1663870619
6,Saint-Pierre,-21.3393,55.4781,69.48,78,20,3.44,RE,1663870795
7,Mataura,-46.1927,168.8643,39.47,98,31,1.86,NZ,1663870594
8,Punta Arenas,-53.15,-70.9167,48.22,61,0,10.36,CL,1663870571
9,Acarí,-15.4311,-74.6158,73.42,50,85,11.14,PE,1663870796
10,Chui,-33.6971,-53.4616,52.99,72,100,15.64,UY,1663870612
11,Bredasdorp,-34.5322,20.0403,56.59,62,93,17.83,ZA,1663870629
12,Rikitea,-23.1203,-134.9692,73.11,73,40,13.13,PF,1663870588
13,Dikson,73.5069,80.5464,29.59,85,100,24.18,RU,1663870630
14,Ol'ga,43.7444,135.2892,49.89,87,100,4.97,RU,1663870797
15,Arrondissement de Rennes,48.1667,-1.6667,64.67,48,0,0.0,FR,1663870610
16,Maţāy,28.419,30.7792,90.54,25,0,6.62,EG,1663870798
17,Manokwari,-0.8667,134.0833,77.49,80,42,3.51,ID,1663870798
18,Bambous Virieux,-20.3428,57.7575,71.85,83,75,16.11,MU,1663870799
19,Fairbanks,64.8378,-147.7164,38.21,95,100,5.75,US,1663870702
20,Kununurra,-15.7667,128.7333,76.98,83,37,3.44,AU,1663870557
21,Lakselv,70.0513,24.9718,53.42,82,0,6.91,NO,1663870800
22,Bluff,-46.6,168.3333,39.79,81,91,5.32,NZ,1663870592
23,Portland,45.5234,-122.6762,64.24,75,75,10.0,US,1663870464
24,Poum,-20.2333,164.0167,75.18,72,89,12.08,NC,1663870590
25,Kavieng,-2.5744,150.7967,79.9,76,74,5.28,PG,1663870604
26,Bubaque,11.2833,-15.8333,79.14,79,99,5.99,GW,1663870801
27,Ushuaia,-54.8,-68.3,53.26,35,40,12.66,AR,1663870578
28,Yulara,-25.2406,130.9889,62.19,28,3,2.84,AU,1663870802
29,Cape Town,-33.9258,18.4232,54.99,85,75,9.22,ZA,1663870631
30,Donskoye,45.4552,41.9741,63.63,92,83,4.52,RU,1663870803
31,Ejido,8.5514,-71.2375,73.24,88,89,5.44,VE,1663870804
32,Asilah,35.465,-6.0348,75.16,86,11,9.48,MA,1663870805
33,Novoagansk,61.9449,76.6625,41.88,62,35,17.54,RU,1663870805
34,Busselton,-33.65,115.3333,46.72,81,0,7.02,AU,1663870610
35,Araouane,18.9048,-3.5265,98.29,27,63,0.38,ML,1663870806
36,Mahanoro,-19.9,48.8,67.68,79,0,2.44,MG,1663870807
37,Hermanus,-34.4187,19.2345,56.8,71,79,20.89,ZA,1663870564
38,Iqaluit,63.7506,-68.5145,34.7,47,75,13.8,CA,1663870603
39,Nikolskoye,59.7035,30.7861,49.91,94,100,4.16,RU,1663870637
40,Zhigansk,66.7697,123.3711,27.68,89,100,0.83,RU,1663870809
41,East London,-33.0153,27.9116,72.54,46,0,8.05,ZA,1663870809
42,Severo-Kuril'sk,50.6789,156.125,50.05,80,5,12.55,RU,1663870810
43,Sīwah,29.2041,25.5195,86.02,45,0,22.28,EG,1663870810
44,Kushima,31.4583,131.2333,71.73,92,93,5.37,JP,1663870811
45,Klaksvík,62.2266,-6.589,52.72,83,29,13.31,FO,1663870812
46,Iskateley,67.6803,53.1512,34.41,83,81,6.78,RU,1663870814
47,New Norfolk,-42.7826,147.0587,50.65,89,100,1.25,AU,1663870617
48,Talaya,61.3833,152.75,24.37,87,100,4.32,RU,1663870816
49,Thompson,55.7435,-97.8558,59.16,51,20,17.27,CA,1663870640
50,Vanimo,-2.6741,141.3028,77.14,89,71,2.15,PG,1663870816
51,Mayumba,-3.432,10.6554,76.12,86,63,6.82,GA,1663870818
52,Bindki,26.0333,80.6,79.12,88,94,5.97,IN,1663870819
53,Saint-Augustin,51.226,-58.6502,60.67,94,100,14.14,CA,1663870819
54,Osa,57.2829,55.4567,54.36,85,98,7.09,RU,1663870820
55,Allāpalli,19.4167,80.0667,73.96,97,97,1.7,IN,1663870821
56,Qaqortoq,60.7167,-46.0333,45.81,92,100,9.4,GL,1663870822
57,Butaritari,3.0707,172.7902,79.88,78,100,8.43,KI,1663870526
58,Colares,38.7992,-9.4469,74.53,83,20,11.99,PT,1663870823
59,Ahipara,-35.1667,173.1667,51.89,92,16,3.96,NZ,1663870572
60,Avarua,-21.2078,-159.775,75.25,73,40,8.05,CK,1663870565
61,Esperance,-33.8667,121.9,47.86,70,12,9.01,AU,1663870595
62,Qaanaaq,77.484,-69.3632,20.68,63,20,7.34,GL,1663870525
63,Yerbogachën,61.2767,108.0108,35.65,98,100,4.16,RU,1663870634
64,Castro,-24.7911,-50.0119,58.95,89,100,7.87,BR,1663870569
65,San Cristobal,7.7669,-72.225,73.58,50,99,2.28,VE,1663870825
66,Hilo,19.7297,-155.09,79.36,74,0,5.01,US,1663870602
67,Marfino,55.7028,37.3822,51.78,81,40,6.71,RU,1663870826
68,San Patricio,28.017,-97.5169,89.65,46,0,6.49,US,1663870826
69,Matara,5.9485,80.5353,78.17,87,81,8.7,LK,1663870619
70,Albany,42.6001,-73.9662,62.02,84,99,1.01,US,1663870551
71,Ucluelet,48.9329,-125.5528,61.09,81,71,1.01,CA,1663870827
72,Karatsu,33.4425,129.9697,71.91,45,93,3.87,JP,1663870828
73,Ribeira Grande,38.5167,-28.7,77.4,83,75,10.36,PT,1663870593
74,San Jose,37.3394,-121.895,71.6,60,0,4.61,US,1663870599
75,Ilulissat,69.2167,-51.1,35.62,80,75,8.05,GL,1663870627
76,Anadyr,64.75,177.4833,37.49,100,100,6.71,RU,1663870829
77,Lavrentiya,65.5833,-171.0,42.17,95,100,3.33,RU,1663870830
78,Sinnamary,5.3833,-52.95,86.07,62,1,12.03,GF,1663870597
79,Nkayi,-4.1841,13.2884,86.7,48,100,5.48,CG,1663870830
80,Lebu,-37.6167,-73.65,53.67,82,96,5.95,CL,1663870831
81,Port Alfred,-33.5906,26.891,63.18,89,39,5.99,ZA,1663870568
82,Kota Belud,6.351,116.4305,76.06,89,76,3.51,MY,1663870832
83,Haines Junction,60.7522,-137.5108,48.15,40,55,4.61,CA,1663870622
84,Kaffrine,14.1059,-15.5508,75.27,92,77,13.2,SN,1663870833
85,Hobart,-42.8794,147.3294,53.87,93,100,0.0,AU,1663870564
86,Ainaži,57.8636,24.3578,51.76,63,98,7.09,LV,1663870833
87,Gazli,40.1333,63.45,79.66,11,0,6.38,UZ,1663870834
88,Broome,42.2506,-75.833,62.4,66,75,10.36,US,1663870834
89,Saint-Philippe,-21.3585,55.7679,69.39,86,27,15.57,RE,1663870607
90,Chissamba,-12.1667,17.3333,75.45,39,55,6.08,AO,1663870836
91,Jimaní,18.4917,-71.8502,84.09,57,88,4.47,DO,1663870837
92,Pisco,-13.7,-76.2167,68.05,60,0,14.97,PE,1663870837
93,Guasdualito,7.2424,-70.7324,84.2,79,40,4.61,VE,1663870838
94,Aksu,41.1231,80.2644,72.48,28,93,5.99,CN,1663870838
95,Havre-St-Pierre,50.2334,-63.5986,55.76,94,100,8.05,CA,1663870839
96,Marsá Maţrūḩ,31.3525,27.2453,76.59,70,10,15.08,EG,1663870839
97,Denpasar,-8.65,115.2167,77.72,94,75,2.3,ID,1663870558
98,Praia,14.9215,-23.5087,82.94,69,75,13.8,CV,1663870840
99,Pitimbu,-7.4706,-34.8086,86.59,68,66,11.21,BR,1663870840
100,Chokurdakh,70.6333,147.9167,33.37,95,100,7.74,RU,1663870841
101,Soyo,-6.1349,12.3689,74.03,87,97,9.04,AO,1663870841
102,Upernavik,72.7868,-56.1549,32.72,57,100,2.84,GL,1663870645
103,São João da Barra,-21.6403,-41.0511,87.89,86,95,13.56,BR,1663870843
104,Ardakān,32.31,54.0175,84.81,13,14,5.5,IR,1663870843
105,Plastun,44.7561,136.2939,48.31,91,100,4.25,RU,1663870844
106,Mikhaylovka,50.06,43.2379,58.78,92,100,5.12,RU,1663870844
107,Beloha,-25.1667,45.05,74.48,58,0,7.52,MG,1663870845
108,Zanjān,36.6736,48.4787,65.39,48,83,2.19,IR,1663870845
109,Kargat,55.1956,80.2811,55.99,61,66,10.58,RU,1663870845
110,Disna,55.568,28.1971,46.9,90,99,6.04,BY,1663870846
111,Vila Franca do Campo,37.7167,-25.4333,75.61,72,61,3.0,PT,1663870847
112,Atuona,-9.8,-139.0333,76.8,75,15,18.59,PF,1663870847
113,Saint Paul Harbor,57.79,-152.4072,47.71,87,100,3.44,US,1663870566
114,Barrow,71.2906,-156.7887,32.02,93,100,12.66,US,1663870601
115,Belmonte,-15.8631,-38.8828,79.39,72,59,13.47,BR,1663870639
116,Meadow Lake,34.8014,-106.5436,79.43,47,0,10.22,US,1663870849
117,Catuday,16.2923,119.8062,79.41,74,86,2.55,PH,1663870849
118,Putëvka,53.2583,34.2878,50.05,93,14,4.0,RU,1663870850
119,Biskamzha,53.4497,89.5272,47.57,90,90,2.84,RU,1663870850
120,Asău,46.4333,26.4,49.12,88,94,2.3,RO,1663870851
121,Puerto Ayora,-0.7393,-90.3518,70.56,89,90,11.99,EC,1663870851
122,Vianópolis,-16.7419,-48.5164,84.96,38,86,4.99,BR,1663870852
123,Comodoro Rivadavia,-45.8667,-67.5,60.66,36,40,13.8,AR,1663870666
124,Mar del Plata,-38.0023,-57.5575,56.95,57,0,13.8,AR,1663870853
125,Telimele,10.9167,-13.3333,71.4,97,100,2.42,GN,1663870853
126,Tasiilaq,65.6145,-37.6368,42.96,63,83,8.86,GL,1663870621
127,Victor Harbor,-35.5667,138.6167,48.0,93,62,4.99,AU,1663870854
128,Manhattan,40.7834,-73.9662,62.06,79,100,15.01,US,1663870782
129,Brae,60.3964,-1.353,53.76,89,0,14.54,GB,1663870854
130,Bambanglipuro,-7.95,110.2833,75.7,90,55,6.29,ID,1663870855
131,Baykit,61.67,96.37,41.9,100,100,3.87,RU,1663870855
132,Leningradskiy,69.3833,178.4167,37.09,97,100,20.8,RU,1663870856
133,Grindavik,63.8424,-22.4338,48.67,87,75,14.97,IS,1663870856
134,Geraldton,-28.7667,114.6,46.81,93,0,3.44,AU,1663870857
135,Te Anau,-45.4167,167.7167,40.91,94,52,0.72,NZ,1663870857
136,Bethel,41.3712,-73.414,57.94,86,100,5.75,US,1663870602
137,Longyearbyen,78.2186,15.6401,35.44,75,75,25.32,SJ,1663870858
138,George Town,5.4112,100.3354,78.69,88,20,2.3,MY,1663870858
139,Chapais,49.7834,-74.8492,42.58,97,100,13.42,CA,1663870581
140,Hithadhoo,-0.6,73.0833,82.62,69,10,12.21,MV,1663870576
141,Siuna,13.7332,-84.7773,83.12,79,94,2.82,NI,1663870860
142,Barcelona,41.3888,2.159,71.76,71,20,9.22,ES,1663870232
143,Poya,-21.35,165.15,69.42,85,64,3.87,NC,1663870860
144,Fortuna,40.5982,-124.1573,66.52,77,0,1.01,US,1663870628
145,Bathsheba,13.2167,-59.5167,88.41,70,20,16.11,BB,1663870599
146,Coquimbo,-29.9533,-71.3436,64.13,51,0,16.11,CL,1663870339
147,Airai,-8.9266,125.4092,58.93,56,86,2.71,TL,1663870672
148,Gelemso,8.8167,40.5167,62.87,81,97,7.96,ET,1663870862
149,Carnarvon,-24.8667,113.6333,65.17,76,0,17.34,AU,1663870863
150,La Rioja,42.25,-2.5,64.18,32,4,2.75,ES,1663870864
151,Ponta do Sol,32.6667,-17.1,75.92,92,27,1.5,PT,1663870584
152,Aksarka,66.5606,67.7975,36.64,68,64,23.09,RU,1663870865
153,Korem,12.5058,39.5228,58.46,63,84,3.47,ET,1663870866
154,Pevek,69.7008,170.3133,35.71,83,45,15.7,RU,1663870867
155,Kabinda,-6.1333,24.4833,75.2,67,99,3.87,CD,1663870867
156,Mahébourg,-20.4081,57.7,71.89,83,75,16.11,MU,1663870868
157,Fonte Boa,-2.4959,-66.2662,99.66,33,3,0.94,BR,1663870868
158,Zeya,53.75,127.2667,43.07,82,100,3.98,RU,1663870869
159,Davila,18.4726,120.5763,75.18,78,32,13.27,PH,1663870869
160,Flinders,-34.5833,150.8552,59.34,92,100,7.0,AU,1663870870
161,Provideniya,64.3833,-173.3,42.82,94,95,2.86,RU,1663870583
162,Laas,46.6166,10.7002,48.96,77,6,2.64,IT,1663870871
163,Taoudenni,22.6783,-3.9836,89.92,39,38,27.0,ML,1663870871
164,Husavik,66.0449,-17.3389,40.62,89,100,2.62,IS,1663870872
165,Kahului,20.8947,-156.47,81.03,67,40,11.01,US,1663870872
166,Kutum,14.2,24.6667,82.96,23,32,8.52,SD,1663870873
167,Isangel,-19.55,169.2667,66.31,94,50,4.61,VU,1663870873
168,Narón,43.5167,-8.1528,66.0,70,93,8.79,ES,1663870874
169,Champasak,14.75,106.0,72.9,100,100,2.13,LA,1663870874
170,Alice Springs,-23.7,133.8833,51.35,50,0,4.61,AU,1663870625
171,Kangaatsiaq,68.3065,-53.4641,35.28,78,100,6.8,GL,1663870876
172,Sanmenxia,34.7747,111.1814,60.33,33,65,1.7,CN,1663870877
173,Ambatondrazaka,-17.8333,48.4167,59.41,91,30,6.53,MG,1663870877
174,Klyuchi,52.2667,79.1667,64.22,44,4,5.79,RU,1663870879
175,Salalah,17.0151,54.0924,80.69,89,75,6.91,OM,1663870638
176,Forsytheganj,52.6333,29.7333,45.19,97,60,6.31,BY,1663870879
177,Nuuk,64.1835,-51.7216,48.81,87,100,36.82,GL,1663870880
178,Khatanga,71.9667,102.5,21.31,84,17,12.01,RU,1663870880
179,Ust'ye,59.6304,39.736,44.92,92,88,4.7,RU,1663870881
180,Nampula,-15.1165,39.2666,73.35,64,0,12.66,MZ,1663870882
181,Lompoc,34.6391,-120.4579,79.95,50,0,5.75,US,1663870882
182,Samarai,-10.6167,150.6667,79.5,81,89,13.04,PG,1663870883
183,Port Lincoln,-34.7333,135.8667,54.93,85,78,4.76,AU,1663870884
184,Tarauacá,-8.1614,-70.7656,96.46,34,47,0.83,BR,1663870884
185,Bada,51.392,109.8717,38.21,66,94,5.17,RU,1663870885
186,Chala,-7.5833,31.2667,69.24,39,91,2.86,TZ,1663870885
187,Guerrero Negro,27.9769,-114.0611,80.17,56,40,6.64,MX,1663870617
188,Mwingi,-0.9344,38.0601,71.89,53,97,10.31,KE,1663870886
189,Enumclaw,47.2043,-121.9915,60.46,71,84,8.99,US,1663870886
190,Hong Kong,22.2855,114.1577,81.68,81,27,5.99,HK,1663870576
191,Grand-Santi,4.25,-54.3833,97.81,30,8,2.91,GF,1663870887
192,Nanortalik,60.1432,-45.2371,45.07,95,97,6.11,GL,1663870600
193,Omboué,-1.5746,9.2618,77.56,83,91,7.94,GA,1663870888
194,Port Hardy,50.6996,-127.4199,51.98,93,100,3.44,CA,1663870888
195,Monrovia,6.3005,-10.7969,76.77,78,60,6.49,LR,1663870889
196,Arlit,18.7369,7.3853,101.75,15,28,8.01,NE,1663870889
197,Mahibadhoo,3.7833,72.9667,81.3,75,83,6.6,MV,1663870890
198,Pinawa,50.1489,-95.8811,55.76,44,3,5.21,CA,1663870890
199,Pārvatipuram,18.7833,83.4333,77.85,88,100,3.29,IN,1663870890
200,Biryusinsk,55.9634,97.8235,54.37,70,100,8.19,RU,1663870891
201,Yellowknife,62.456,-114.3525,59.52,58,40,14.97,CA,1663870364
202,Jalu,29.0331,21.5482,86.4,34,0,9.33,LY,1663870891
203,Nishihara,26.1842,127.7558,78.51,97,40,5.75,JP,1663870892
204,Reconquista,-29.15,-59.65,67.77,31,3,11.21,AR,1663870884
205,Birin,26.8865,88.0718,63.7,92,92,2.55,NP,1663870893
206,Port Elizabeth,-33.918,25.5701,61.7,84,0,18.41,ZA,1663870893
207,Acapulco de Juárez,16.8634,-99.8901,85.82,74,40,6.91,MX,1663870836
208,Nome,64.5011,-165.4064,44.67,100,100,13.8,US,1663870894
209,Vardø,70.3705,31.1107,48.18,100,100,4.61,NO,1663870894
210,Hukuntsi,-24.0,21.75,67.46,10,0,7.74,BW,1663870895
211,Pangnirtung,66.1451,-65.7125,37.4,48,75,0.0,CA,1663870895
212,Yaring,6.8662,101.3689,78.24,84,94,7.85,TH,1663870896
213,Dongsheng,39.8161,109.9776,40.51,36,0,6.49,CN,1663870896
214,Jardim,-21.4803,-56.1381,71.98,61,95,9.24,BR,1663870896
215,Tigil',57.8,158.6667,41.65,62,14,23.8,RU,1663870897
216,Kloulklubed,7.0419,134.2556,84.11,73,97,12.35,PW,1663870898
217,Laguna,38.421,-121.4238,72.46,57,0,11.5,US,1663870898
218,Kostanay,53.1667,63.5833,59.29,29,0,4.47,KZ,1663870603
219,Northam,51.0333,-4.2167,60.3,92,100,14.67,GB,1663870899
220,Kristiansund,63.1115,7.732,57.85,72,40,3.44,NO,1663870899
221,Karymskoye,51.6167,114.35,38.05,74,100,3.76,RU,1663870900
222,Krasnoborsk,61.5598,45.934,43.92,84,82,3.15,RU,1663870900
223,Berdigestyakh,62.0989,126.6992,24.39,97,31,3.53,RU,1663870901
224,Cherskiy,68.75,161.3,33.87,80,9,10.42,RU,1663870588
225,Constitución,-35.3333,-72.4167,60.44,60,20,18.16,CL,1663870616
226,Santiago del Estero,-27.7951,-64.2615,72.36,15,0,4.7,AR,1663870696
227,Yeppoon,-23.1333,150.7333,65.98,67,0,4.38,AU,1663870902
228,Arraial do Cabo,-22.9661,-42.0278,73.26,78,40,12.66,BR,1663870902
229,Solnechnyy,50.7214,136.6319,47.5,95,57,4.56,RU,1663870903
230,San Quintín,30.4833,-115.95,76.3,65,24,10.25,MX,1663870569
231,Palana,59.1167,159.9667,40.96,67,84,26.24,RU,1663870903
232,Wad Rāwah,15.1603,33.1397,96.28,14,23,8.19,SD,1663870904
233,Christchurch,-43.5333,172.6333,43.14,84,40,6.91,NZ,1663870766
234,Zhezkazgan,47.8043,67.7144,70.59,32,0,9.17,KZ,1663870904
235,Neuquén,-38.9516,-68.0591,67.89,30,0,12.66,AR,1663870689
236,Dawson Creek,55.7666,-120.2362,65.84,37,0,2.3,CA,1663870906
237,Bengkulu,-3.8004,102.2655,74.95,89,96,3.18,ID,1663870582
238,Pueblo,38.2545,-104.6091,60.49,62,100,10.36,US,1663870894
239,Kintinku,-5.8833,35.2333,80.76,35,79,13.0,TZ,1663870908
240,Arman',59.7,150.1667,35.85,54,0,10.94,RU,1663870908
241,Kerema,-7.9631,145.7785,75.78,88,99,7.45,PG,1663870909
242,Vredendal,-31.6683,18.5012,56.55,86,88,5.61,ZA,1663870909
243,Srednekolymsk,67.45,153.6833,33.91,92,100,13.85,RU,1663870910
244,Yatou,37.15,122.3833,66.15,83,1,16.02,CN,1663870910
245,Nantucket,41.2835,-70.0995,73.96,66,75,24.16,US,1663870894
246,Vestmannaeyjar,63.4427,-20.2734,49.19,87,20,16.11,IS,1663870911
247,San-Pédro,4.7485,-6.6363,77.34,85,80,6.62,CI,1663870911
248,Saint George,37.1041,-113.5841,83.7,39,0,4.61,US,1663870575
249,Chumikan,54.7183,135.315,47.97,78,100,3.27,RU,1663870912
250,Rosarito,32.3333,-117.0333,76.1,58,10,10.85,MX,1663870912
251,Alofi,-19.0595,-169.9187,75.09,78,4,10.36,NU,1663870913
252,Umm Hājar,13.2954,19.6966,89.98,31,82,4.99,TD,1663870914
253,Santa Rosa,14.3122,121.1114,77.92,92,92,3.89,PH,1663870914
254,Dudinka,69.4058,86.1778,33.4,100,100,1.97,RU,1663870915
255,Srikakulam,18.3,83.9,80.94,86,86,3.76,IN,1663870915
256,Palmer,42.1584,-72.3287,57.67,87,75,4.61,US,1663870915
257,Saýat,38.7839,63.8803,71.47,12,0,10.65,TM,1663870916
258,Lashio,22.9333,97.75,66.76,98,18,1.72,MM,1663870917
259,Jatai,-17.8814,-51.7144,81.54,60,79,10.09,BR,1663870917
260,Tura,25.5198,90.2201,74.05,94,87,4.25,IN,1663870917
261,Bismarck,46.8083,-100.7837,60.33,49,0,20.71,US,1663870918
262,Djibo,14.1022,-1.6306,93.16,39,50,5.12,BF,1663870918
263,Hirara,24.8,125.2833,80.42,78,66,14.18,JP,1663870919
264,Kemijärvi,66.7131,27.4306,46.85,89,79,5.88,FI,1663870919
265,Dingle,10.9995,122.6711,76.24,89,100,2.66,PH,1663870920
266,Mossamedes,-15.1961,12.1522,65.52,85,17,13.6,AO,1663870613
267,Salamiyah,35.0113,37.0532,70.18,67,0,13.8,SY,1663870921
268,Souillac,-20.5167,57.5167,71.98,83,75,16.11,MU,1663870921
269,Half Moon Bay,37.4636,-122.4286,69.42,73,0,10.36,US,1663870651
270,Port Moresby,-9.4431,147.1797,74.62,100,75,3.44,PG,1663870922
271,Hambantota,6.1241,81.1185,80.26,77,93,15.21,LK,1663870642
272,Dolores,-36.3132,-57.6792,59.67,43,53,10.65,AR,1663870923
273,Celestún,20.8667,-90.4,85.32,62,3,8.66,MX,1663870924
274,Clovis,36.8252,-119.7029,74.21,52,0,3.44,US,1663870924
275,Rodolfo Sánchez Taboada,31.7167,-116.5667,73.09,77,39,5.01,MX,1663870925
276,Parrita,9.5201,-84.3225,84.51,66,39,7.63,CR,1663870925
277,Moramanga,-18.9333,48.2,59.2,85,66,4.54,MG,1663870926
278,Almeria,37.1667,-2.3333,66.56,60,33,5.66,ES,1663870927
279,Ishigaki,24.3448,124.1572,77.13,94,100,9.22,JP,1663870927
280,Hamilton,39.1834,-84.5333,69.17,51,75,20.71,US,1663870633
281,Sola,-13.8833,167.55,74.07,94,52,2.3,VU,1663870929
282,Pingxiang,27.6167,113.85,65.46,85,86,1.23,CN,1663870929
283,Abu Kamal,34.4506,40.9171,83.35,27,0,5.75,SY,1663870930
284,Nísia Floresta,-6.0911,-35.2086,86.38,58,22,12.08,BR,1663870930
285,Kruisfontein,-34.0033,24.7314,59.88,74,91,7.45,ZA,1663870631
286,São José da Coroa Grande,-8.8978,-35.1478,79.79,69,60,11.12,BR,1663870931
287,Chinna Salem,11.65,78.9,81.86,61,99,5.93,IN,1663870932
288,Navolato,24.7672,-107.6944,89.78,64,33,4.41,MX,1663870932
289,Clyde River,70.4692,-68.5914,30.43,74,100,8.05,CA,1663870933
290,Piopio,-38.4667,175.0167,53.1,98,100,4.85,NZ,1663870933
291,Conde,-7.2597,-34.9075,85.46,51,20,11.5,BR,1663870895
292,Río Gallegos,-51.6226,-69.2181,60.85,20,40,12.66,AR,1663870934
293,Kuminskiy,58.6667,66.5667,46.47,61,65,1.23,RU,1663870935
294,Chikhli,20.35,76.25,70.88,90,98,10.27,IN,1663870935
295,Emba,48.8264,58.1442,70.43,14,0,9.01,KZ,1663870936
296,Jacksonville,30.3322,-81.6556,90.73,53,40,6.91,US,1663870473
297,Wangqing,43.3218,129.7634,53.49,92,75,4.81,CN,1663870937
298,Yangambi,0.8102,24.4336,70.81,90,55,2.3,CD,1663870937
299,Zacatecoluca,13.5,-88.8667,75.38,96,100,3.76,SV,1663870938
300,Port Macquarie,-31.4333,152.9167,60.69,100,100,0.0,AU,1663870939
301,Boguchany,58.3814,97.4531,51.22,95,100,5.14,RU,1663870939
302,Keti Bandar,24.1447,67.4497,81.34,73,72,14.76,PK,1663870940
303,Mackay,-21.15,149.2,64.69,89,1,5.61,AU,1663870940
304,Coahuayana Viejo,18.7333,-103.6833,87.06,66,41,3.49,MX,1663870942
305,Temerloh,3.4483,102.4176,74.62,91,77,0.72,MY,1663870942
306,Hasaki,35.7333,140.8333,66.6,95,100,14.67,JP,1663870943
307,Saint-Joseph,-21.3667,55.6167,68.38,82,20,13.42,RE,1663870944
308,Kattivākkam,13.2167,80.3167,89.69,71,94,10.02,IN,1663870944
309,Abū Zabad,12.35,29.25,86.34,37,70,5.37,SD,1663870945
310,Kavaratti,10.5669,72.642,81.1,75,35,8.66,IN,1663870945
311,El Jícaro,14.9167,-89.9,81.93,97,100,2.35,GT,1663870945
312,Sampit,-2.5333,112.95,74.79,96,72,0.76,ID,1663870946
313,Mehamn,71.0357,27.8492,49.95,93,75,1.14,NO,1663870946
314,Narsaq,60.9167,-46.05,46.62,78,100,3.91,GL,1663870947
315,Shelburne,44.0787,-80.2041,48.42,90,100,14.56,CA,1663870947
316,Sorgun,39.8101,35.186,59.61,53,53,2.48,TR,1663870948
317,Lagoa,39.05,-27.9833,74.16,83,70,15.28,PT,1663870575
318,Nouadhibou,20.931,-17.0347,78.78,78,0,14.97,MR,1663870949
319,Talnakh,69.4865,88.3972,33.04,99,100,4.0,RU,1663870575
320,Ekhabi,53.5102,142.9671,46.63,85,81,8.95,RU,1663870949
321,Paamiut,61.994,-49.6678,44.28,87,100,17.83,GL,1663870950
322,Yar-Sale,66.8333,70.8333,37.42,67,70,25.12,RU,1663870950
323,Zhangye,38.9342,100.4517,62.62,24,100,5.57,CN,1663870951
324,Ouallam,14.3188,2.0866,97.54,30,34,7.74,NE,1663870951
325,Hangu,39.2489,117.7892,55.44,22,37,18.72,CN,1663870951
326,Baturaja,-4.1333,104.1667,73.17,97,88,2.75,ID,1663870952
327,Torbay,47.6666,-52.7314,59.76,95,100,16.11,CA,1663870680
328,Guarujá,-23.9931,-46.2564,71.71,39,100,3.44,BR,1663870953
329,Rāvar,31.2656,56.8055,79.99,14,0,4.07,IR,1663870953
330,Port Blair,11.6667,92.75,77.04,88,75,2.3,IN,1663870954
331,Concordia,-31.393,-58.0209,63.79,52,75,9.22,AR,1663870954
332,Saldanha,-33.0117,17.9442,55.45,75,100,9.04,ZA,1663870955
333,Rassvet,46.8333,40.75,60.69,59,87,6.06,RU,1663870955
334,Faanui,-16.4833,-151.75,78.1,75,5,18.1,PF,1663870956
335,Kieta,-6.2167,155.6333,76.96,82,65,3.44,PG,1663870956
336,Sitka,57.0531,-135.33,51.69,82,40,5.75,US,1663870624
337,Barreirinha,-2.7933,-57.07,105.35,20,13,4.52,BR,1663870957
338,Mount Isa,-20.7333,139.5,65.97,39,4,10.36,AU,1663870957
339,Sørland,67.667,12.6934,53.46,80,100,11.72,NO,1663870957
340,Belaya Gora,68.5333,146.4167,32.54,99,100,11.23,RU,1663870958
341,Avera,33.194,-82.5271,93.13,30,0,10.47,US,1663870958
342,Sambava,-14.2667,50.1667,70.74,88,32,13.38,MG,1663870959
343,Shumskiy,54.8318,99.1328,54.79,69,100,4.92,RU,1663870959
344,Pochutla,15.7432,-96.4661,85.82,68,46,5.35,MX,1663870960
345,Novochernorechenskiy,56.2669,91.0828,54.12,91,100,10.92,RU,1663870960
346,Finnsnes,69.2296,17.9811,48.81,83,100,4.76,NO,1663870961
347,Bellefontaine,40.3612,-83.7597,61.88,53,39,4.0,US,1663870764
348,Homer,59.6425,-151.5483,46.26,77,75,3.44,US,1663870865
349,Ransang,8.9603,117.5828,78.89,83,91,2.35,PH,1663870962
350,Mpulungu,-8.7623,31.1141,81.5,41,68,4.45,ZM,1663870962
351,Arrondissement de Tulle,45.3333,1.8333,63.54,47,1,0.67,FR,1663870963
352,Chihuahua,28.5,-106.0,77.83,44,0,8.93,MX,1663870963
353,Menomonee Falls,43.1789,-88.1173,59.92,53,40,18.01,US,1663870457
354,Aleksandrovsk-Sakhalinskiy,50.8975,142.1561,50.92,73,83,12.8,RU,1663870964
355,Saint Anthony,45.0205,-93.218,60.19,53,40,9.22,US,1663870964
356,Rantepao,-2.9701,119.8978,65.21,96,97,2.89,ID,1663870965
357,Pendleton,45.6721,-118.7886,66.94,52,0,29.93,US,1663870824
358,Port-Gentil,-0.7193,8.7815,78.76,89,100,13.8,GA,1663870966
359,Bereda,43.2686,-7.5406,62.15,86,89,4.7,ES,1663870967
360,San Juan,-31.5375,-68.5364,67.84,15,0,3.47,AR,1663870830
361,Ürümqi,43.801,87.6005,65.35,24,0,4.47,CN,1663870968
362,Mazagão,-0.115,-51.2894,95.05,38,0,5.57,BR,1663870968
363,Waipawa,-41.4122,175.5153,49.51,97,100,15.17,NZ,1663870969
364,Buin,-33.7333,-70.75,70.29,24,11,6.38,CL,1663870732
365,Brenham,30.1669,-96.3977,93.52,41,40,3.44,US,1663870971
366,Moose Jaw,50.4001,-105.5344,62.85,27,75,26.46,CA,1663870713
367,Tuatapere,-46.1333,167.6833,42.8,89,70,2.19,NZ,1663870971
368,Tuktoyaktuk,69.4541,-133.0374,35.6,93,100,9.22,CA,1663870972
369,Samfya,-11.3649,29.5565,79.21,22,34,10.89,ZM,1663870973
370,Saskylakh,71.9167,114.0833,17.35,89,63,4.56,RU,1663870594
371,Caucayá,-0.1934,-74.7819,97.45,36,59,2.33,CO,1663870973
372,Ozinki,51.1786,49.6769,73.54,17,100,14.56,RU,1663870974
373,Faya,18.3851,42.4509,70.32,51,78,2.1,SA,1663870974
374,Shima,24.4478,117.8111,78.82,86,9,1.66,CN,1663870975
375,Khandyga,62.6667,135.6,28.99,93,98,2.44,RU,1663870976
376,Nara,34.6851,135.8049,72.5,79,100,5.53,JP,1663870742
377,Dzhebariki-Khaya,62.2167,135.8,29.79,89,97,2.53,RU,1663870980
378,Cortez,37.3489,-108.5859,62.78,86,100,0.0,US,1663870980
379,Korla,41.7597,86.1469,74.66,18,100,7.34,CN,1663870982
380,Galich,58.3797,42.3475,46.44,94,100,5.1,RU,1663870982
381,San Miguel de Cozumel,20.5083,-86.9458,87.08,74,40,9.22,MX,1663870885
382,Slavjanovo,43.4667,24.8667,56.66,46,96,8.25,BG,1663870983
383,The Valley,18.217,-63.0578,87.62,79,90,18.86,AI,1663870984
384,Longonjo,-12.9067,15.2533,73.81,40,87,3.67,AO,1663870984
385,Ankazoabo,-22.2833,44.5167,77.29,30,19,6.51,MG,1663870985
386,Tilichiki,60.4667,166.1,34.81,89,78,6.2,RU,1663870985
387,Trzebiatów,54.0615,15.2648,50.04,68,22,4.12,PL,1663870986
388,Antalaha,-14.9003,50.2788,69.58,89,9,10.25,MG,1663870580
389,Berlevåg,70.8578,29.0864,48.15,100,100,10.36,NO,1663870583
390,Los Lunas,34.8062,-106.7334,81.48,47,0,1.01,US,1663870987
391,São Bento do Sul,-26.2503,-49.3786,70.23,71,78,8.1,BR,1663870987
392,Krasnoarmeysk,51.0239,45.6969,59.86,89,100,11.1,RU,1663870987
393,Codrington,-38.2667,141.9667,48.27,94,88,4.63,AU,1663870988
394,La Ronge,55.1001,-105.2842,61.05,36,20,11.5,CA,1663870989
395,Kwinana,-32.25,115.7667,49.05,70,0,8.55,AU,1663870990
396,St. George's,12.0564,-61.7485,83.88,79,20,21.85,GD,1663870990
397,Chicama,-7.8447,-79.1469,59.54,57,88,10.92,PE,1663870990
398,Bam,29.106,58.357,84.33,12,1,6.71,IR,1663870991
399,Viedma,-40.8135,-62.9967,58.86,44,23,1.97,AR,1663870992
400,Leshukonskoye,64.8989,45.7622,42.67,81,100,3.89,RU,1663870992
401,Kyaikkami,16.08,97.5675,79.3,85,94,5.61,MM,1663870993
402,Muncar,-8.4333,114.3333,75.56,90,79,1.95,ID,1663870994
403,Tulagi,-9.0996,160.1476,80.31,78,25,11.65,SB,1663870995
404,Ambon City,-3.6954,128.1814,75.24,16,40,4.61,ID,1663870996
405,Mandalgovi,45.7625,106.2708,40.84,30,5,7.54,MN,1663870996
406,Dulovo,43.8167,27.15,56.55,52,90,2.01,BG,1663870997
407,Mount Gambier,-37.8333,140.7667,45.32,97,66,3.6,AU,1663870577
408,Ostrovnoy,68.0531,39.5131,46.42,97,100,4.65,RU,1663870872
409,Srandakan,-7.9386,110.2506,76.21,90,53,6.6,ID,1663870998
410,São Félix do Xingu,-6.6447,-51.995,97.41,26,73,1.19,BR,1663870998
411,Upington,-28.4478,21.2561,70.18,13,0,6.91,ZA,1663870999
412,Balakhninskiy,58.0106,114.2769,37.42,100,100,3.83,RU,1663871000
413,Fort Nelson,58.8053,-122.7002,60.39,59,40,5.75,CA,1663871000
414,Quatre Cocos,-20.2078,57.7625,72.09,84,24,17.47,MU,1663871000
415,Requena,39.4883,-1.1004,65.79,79,41,11.01,ES,1663871001
416,São Gabriel da Cachoeira,-0.1303,-67.0892,98.96,33,8,2.66,BR,1663871002
417,Aromashevo,56.8602,68.6375,51.93,67,84,5.44,RU,1663871002
418,Nha Trang,12.25,109.1833,78.8,89,100,3.42,VN,1663871003
419,Alihe,50.5667,123.7167,41.74,95,100,4.12,CN,1663871003
420,Kaitangata,-46.2817,169.8464,42.33,95,25,2.39,NZ,1663871003
421,Uyuni,-20.4597,-66.825,58.26,7,8,19.13,BO,1663871004
422,Lichuan,30.3,108.85,58.08,96,100,2.3,CN,1663871005
423,Ayan,56.45,138.1667,46.09,66,100,4.34,RU,1663871005
424,Lata,40.1629,-8.3327,74.28,53,51,4.68,PT,1663871006
425,Coolum Beach,-26.5333,153.1,61.11,99,12,5.66,AU,1663871006
426,San Andrés,12.5847,-81.7006,86.02,74,40,9.22,CO,1663870807
427,Smithfield,41.922,-71.5495,63.39,93,100,40.0,US,1663871007
428,Tra Vinh,9.9347,106.3453,75.81,93,100,4.23,VN,1663871007
429,Muhos,64.808,25.9931,49.78,91,86,4.59,FI,1663871008
430,Bria,6.5423,21.9863,71.58,95,86,2.01,CF,1663871009
431,Naze,28.3667,129.4833,77.92,87,31,8.3,JP,1663871011
432,Havelock,34.8791,-76.9013,85.82,73,0,9.22,US,1663870779
433,Atakpamé,7.5333,1.1333,74.43,89,72,2.35,TG,1663871012
434,Kiryat Gat,31.61,34.7642,77.16,59,0,3.96,IL,1663871012
435,Palu,-0.8917,119.8707,74.79,93,99,2.75,ID,1663871013
436,Santa Isabel Rio Negro,-0.4139,-65.0192,100.36,29,4,4.16,BR,1663871013
437,Gravdal,68.1214,13.5031,51.69,87,75,2.3,NO,1663871014
438,Maputo,-25.9653,32.5892,70.23,90,20,11.5,MZ,1663871014
439,Sioux Lookout,50.1001,-91.917,50.07,62,40,6.91,CA,1663870923
440,Neiafu,-18.65,-173.9833,77.41,81,26,20.76,TO,1663871015
441,Betong,5.7743,101.0723,70.75,94,93,1.01,TH,1663871016
442,Gland,46.4208,6.2701,57.67,75,0,1.95,CH,1663871016
443,Gēdo,9.0167,37.45,51.94,88,100,1.99,ET,1663871017
444,Tondano,1.3038,124.9112,66.29,93,79,1.86,ID,1663871017
445,Falmouth,50.1544,-5.0711,59.58,100,100,8.05,GB,1663870968
446,Baishishan,43.5833,127.5667,52.09,87,77,4.61,CN,1663871018
447,Pāsighāt,28.0667,95.3333,76.06,96,88,2.13,IN,1663871018
448,Cayenne,4.9333,-52.3333,91.44,55,0,12.66,GF,1663870623
449,Roswell,34.0232,-84.3616,89.82,55,0,12.66,US,1663870947
450,Acajutla,13.5928,-89.8275,78.76,85,100,8.16,SV,1663871019
451,Dunedin,-45.8742,170.5036,46.8,85,22,1.99,NZ,1663870615
452,Roald,62.5833,6.1333,57.74,77,75,6.91,NO,1663871020
453,Nioro,13.35,-15.75,76.08,92,99,7.34,GM,1663871021
454,Itarema,-2.9248,-39.9167,85.14,57,42,18.21,BR,1663871021
455,Laje,-10.1833,-40.9667,93.83,25,8,5.3,BR,1663871022
456,Bow Island,49.8668,-111.3684,52.83,58,100,12.66,CA,1663871022
457,Padang,-0.9492,100.3543,76.26,77,70,4.12,ID,1663870585
458,Cimarron Hills,38.8586,-104.6989,51.51,91,100,9.22,US,1663870909
459,Nemuro,43.3236,145.575,59.31,79,64,12.41,JP,1663871023
460,Rawson,-43.3002,-65.1023,57.52,50,97,6.98,AR,1663870941
461,San Policarpo,12.1791,125.5072,77.9,88,100,4.79,PH,1663871023
462,Porosozero,62.7191,32.727,44.69,73,100,0.87,RU,1663870813
463,Pulaski,34.7668,-92.3001,83.48,55,20,11.5,US,1663870900
464,Langenlois,48.4904,15.6521,47.23,88,94,3.4,AT,1663871024
465,Omsukchan,62.5333,155.8,28.65,89,100,26.24,RU,1663871025
466,Necochea,-38.5473,-58.7368,50.81,69,49,9.37,AR,1663871025
467,Ugoofaaru,5.6667,73.0,81.64,73,24,9.46,MV,1663871026
468,Huarmey,-10.0681,-78.1522,68.65,68,78,13.87,PE,1663871027
469,Blackfoot,43.1905,-112.345,59.0,40,63,19.35,US,1663871027
470,Springbok,-29.6643,17.8865,48.79,54,63,6.53,ZA,1663871028
471,Dezhou,37.4486,116.2925,56.64,18,8,14.27,CN,1663871028
472,Dalby,-27.1833,151.2667,51.98,95,86,3.85,AU,1663871029
473,Aykhal,66.0,111.5,17.8,90,98,5.39,RU,1663871029
474,Ponta Delgada,37.7333,-25.6667,75.92,83,20,12.66,PT,1663871030
475,Ballina,-28.8667,153.5667,63.0,99,99,18.19,AU,1663870864
476,Chernitsyno,51.5074,36.051,51.03,84,91,4.81,RU,1663871031
477,Santa Marta,11.2408,-74.199,80.89,86,75,10.36,CO,1663871032
478,Rome,43.2128,-75.4557,63.52,65,75,11.5,US,1663870563
479,Otane,-39.8833,176.6333,55.0,99,100,9.71,NZ,1663871032
480,Shakawe,-18.3667,21.85,70.29,6,4,6.67,BW,1663871033
481,Olavarría,-36.8927,-60.3225,57.02,52,88,10.42,AR,1663871034
482,Hays,30.0502,-98.0336,93.6,32,0,5.3,US,1663871035
483,Wanaka,-44.7,169.15,40.1,87,1,1.01,NZ,1663871036
484,Chifeng,42.2683,118.9636,44.1,81,78,15.79,CN,1663871036
485,Mahina,-17.5065,-149.489,76.77,69,75,4.61,PF,1663870939
486,Inhambane,-23.865,35.3833,75.18,88,20,13.8,MZ,1663871037
487,Okhotsk,59.3833,143.3,36.36,55,0,9.1,RU,1663870618
488,Shache,38.4167,77.2406,72.72,28,1,6.29,CN,1663871038
489,Adrar,20.5022,-10.0711,95.47,30,81,12.46,MR,1663871038
490,Rundu,-17.9333,19.7667,72.66,8,0,3.67,NA,1663871039
491,Ngoro,-7.6839,112.258,74.64,87,46,5.48,ID,1663871039
492,Amga,60.8953,131.9608,27.01,97,97,1.12,RU,1663871040
493,Lakatoro,-16.0999,167.4164,77.54,84,27,7.05,VU,1663871040
494,Rørvik,64.8621,11.2373,57.31,67,75,4.61,NO,1663871041
495,Sterling,39.0062,-77.4286,73.08,71,75,14.97,US,1663870642
496,Qasigiannguit,68.8193,-51.1922,35.85,98,100,4.63,GL,1663871042
497,Acaraú,-2.8856,-40.12,85.98,57,36,19.86,BR,1663871042
498,Vila Velha,-20.3297,-40.2925,80.94,75,0,11.5,BR,1663871044
499,Prymors'k,46.7348,36.3443,61.99,43,86,3.71,UA,1663871044
500,Touros,-5.1989,-35.4608,83.05,60,8,14.83,BR,1663870507
501,Kiama,-34.6833,150.8667,58.96,94,100,1.99,AU,1663870984
502,Navsari,20.9524,72.9324,78.04,81,99,9.91,IN,1663871045
503,São Filipe,14.8961,-24.4956,79.59,79,92,10.51,CV,1663871046
504,Lázaro Cárdenas,17.9583,-102.2,83.68,69,95,3.69,MX,1663870635
505,Asopós,36.7333,22.8667,64.49,70,66,7.29,GR,1663871048
506,Port Hedland,-20.3167,118.5667,66.25,77,0,8.05,AU,1663871048
507,Jacksonville Beach,30.2947,-81.3931,90.16,56,20,6.91,US,1663870842
508,Kidal,18.4411,1.4078,99.88,13,44,7.34,ML,1663871049
509,Olafsvik,64.8945,-23.7142,43.97,76,91,16.06,IS,1663871050
510,Borogontsy,62.6683,131.1683,26.98,93,99,4.07,RU,1663871051
511,Leh,34.1667,77.5833,56.8,34,44,4.7,IN,1663871051
512,Lichinga,-13.3128,35.2406,66.29,59,0,6.91,MZ,1663871052
513,Atar,20.5169,-13.0499,96.58,33,81,13.22,MR,1663871053
514,Athabasca,54.7169,-113.2854,57.61,38,2,11.05,CA,1663871053
515,Shimoda,34.6667,138.95,68.11,93,100,14.2,JP,1663871054
516,La Santisima Trinidad,-14.8333,-64.9,78.78,61,75,17.27,BO,1663871054
517,Susuman,62.7833,148.1667,28.04,77,100,6.55,RU,1663871055
518,Onguday,50.75,86.15,51.28,80,3,2.93,RU,1663870891
519,Presidencia Roque Sáenz Peña,-26.7852,-60.4388,73.31,20,0,10.33,AR,1663871056
520,Ranong,9.9658,98.6348,77.27,90,96,6.69,TH,1663871057
521,Baie-Saint-Paul,47.4411,-70.4986,62.74,71,90,3.0,CA,1663871057
522,Novy Urengoy,66.0833,76.6333,34.92,85,100,28.36,RU,1663871058
523,Witu,-2.3889,40.4382,75.36,76,96,12.59,KE,1663871058
524,Deputatsky,69.3,139.9,18.5,94,81,6.67,RU,1663871059
525,Mahbūbnagar,16.7333,77.9833,73.89,76,100,5.46,IN,1663871059
526,Esfarāyen,37.0765,57.5101,65.86,16,0,4.21,IR,1663871060
527,Porto Franco,-6.3383,-47.3992,103.8,20,54,4.61,BR,1663871060
528,Gamba,-2.65,10.0,76.78,85,83,7.76,GA,1663871061
529,Antsirabe,-19.85,47.0333,56.05,82,48,5.88,MG,1663871061
530,Darnah,32.767,22.6367,74.75,67,7,12.37,LY,1663871062
531,Naryan-Mar,67.6713,53.087,35.35,83,90,6.02,RU,1663871062
532,Hokitika,-42.7167,170.9667,45.52,68,0,5.55,NZ,1663871063
533,Mizdah,31.4451,12.9801,81.54,43,69,12.59,LY,1663871063
534,Gonzales,30.2385,-90.9201,94.01,52,0,4.61,US,1663871064
535,Tiksi,71.6872,128.8694,30.38,90,100,11.68,RU,1663871064
536,Lorengau,-2.0226,147.2712,79.36,80,58,0.38,PG,1663871064
537,Russell,32.3502,-85.1999,93.36,46,0,8.05,US,1663871065
538,Auki,-8.7676,160.7034,74.52,88,26,4.72,SB,1663871066
539,Illapel,-31.6308,-71.1653,79.05,13,0,6.71,CL,1663871066
540,Llata,-9.4167,-76.7833,67.96,44,32,12.73,PE,1663871067
541,Diu,20.7141,70.9822,78.3,78,100,7.76,IN,1663871067
542,Aktash,50.3,87.7333,42.57,51,0,2.48,RU,1663871068
543,Yinchuan,38.4681,106.2731,55.29,24,92,7.16,CN,1663871069
544,Barabash,43.2,131.4833,58.01,92,81,7.94,RU,1663871069
545,Lüderitz,-26.6481,15.1594,57.65,74,0,12.48,NA,1663870584
546,Oddur,4.1213,43.8894,77.09,68,88,16.67,SO,1663871070
547,Donetsk,48.0,37.8,59.52,39,99,6.15,UA,1663871071
548,Cartagena,10.3997,-75.5144,83.82,79,75,3.44,CO,1663870875
549,Jérémie,18.65,-74.1167,84.38,72,58,3.49,HT,1663871072
550,Panzhihua,26.5851,101.7128,66.99,96,100,4.03,CN,1663871073
551,Umm Kaddadah,13.6017,26.6876,92.43,17,64,9.24,SD,1663870637
552,Colac,-38.3333,143.5833,52.84,97,98,3.24,AU,1663871073
553,Hinton,53.4001,-117.5857,66.99,29,0,3.94,CA,1663871074
554,Vágur,61.4732,-6.8119,51.4,86,21,21.83,FO,1663871074
555,Kolosovka,56.4678,73.611,49.46,74,90,6.06,RU,1663871075
556,Balabac,7.9868,117.0645,81.03,76,93,5.14,PH,1663871075
557,Vostok,46.4856,135.8833,39.49,86,3,4.81,RU,1663871076
558,Misratah,32.3754,15.0925,79.32,66,80,17.22,LY,1663871076
559,Fukuechō,32.6881,128.8419,74.25,80,77,13.38,JP,1663871077
560,Sawtell,-30.3833,153.1,59.02,94,75,5.75,AU,1663871077
561,Akhmeta,42.0311,45.2075,64.92,70,80,4.12,GE,1663871078
562,Atambua,-9.1061,124.8925,72.46,83,57,4.63,ID,1663871078
563,Genç,38.7507,40.5603,67.48,41,33,5.86,TR,1663871078
564,Miyako,39.6367,141.9525,66.92,95,100,5.06,JP,1663871079
565,Sabang,5.8933,95.3214,82.31,74,100,17.4,ID,1663871079
566,Ginir,7.1333,40.7,62.46,75,92,7.7,ET,1663871080
567,Ambilobe,-13.2,49.05,73.45,65,21,8.12,MG,1663871080
568,Dilla,6.41,38.31,63.32,91,97,3.85,ET,1663871081
569,Cap Malheureux,-19.9842,57.6142,72.46,73,1,8.99,MU,1663871081
570,Namatanai,-3.6667,152.4333,77.16,79,52,3.58,PG,1663871082
571,Kamenka,51.3223,42.7678,57.52,96,100,3.4,RU,1663871082
572,Neijiang,29.5835,105.0622,65.7,93,100,7.94,CN,1663871083
573,Stornoway,58.2093,-6.3865,53.04,86,40,8.05,GB,1663871083
574,Abu Samrah,35.3029,37.1841,71.83,62,0,13.73,SY,1663871084
